sourceRoot,archivePath,archiveId,sessionStartUtc,sessionEndUtc,durationMinutes,archivedAt,reason,cohortId,cohortBaselineCapital,startingPaperCapitalUsdc,feedSource,feedStatus,decisionEligible,selectedBotCount,finalSnapshotBotCount,sumGrossPnl,sumWins,sumLosses,sumExecutionRealismTrades,sumMissedOpportunities,sumRawShadowPnl,sumAdjustedShadowPnl,sumDrag,sessionNetExtracted,sessionWinsDelta,sessionLossesDelta,sessionAdjustedShadowDelta,sessionRawShadowDelta,sessionDragDelta,topBotByGrossPnl,topBotGrossPnl,worstBotByGrossPnl,worstBotGrossPnl,latestBotSavedAt,metricMode,portfolioIds,portfolioInitialUsdc,portfolioAvailableUsdc,portfolioUpdatedAt,warnings,classification,sourceClass,evidenceNote
D:\rapidbaclupworking\5m-rapid\storage\paper-session-archive,D:\rapidbaclupworking\5m-rapid\storage\paper-session-archive\paper-2026-05-07T09-23-09-266Z__reset-2026-05-07T17-18-20-081Z,paper-2026-05-07T09-23-09-266Z__reset-2026-05-07T17-18-20-081Z,2026-05-07T09:23:09.266Z,2026-05-07T17:18:20.081Z,475.18,2026-05-07T17:19:11.5872099Z,manual-live-reset-prearchive,paper-2026-05-07T09-23-09-266Z,1000,1000,OKXPerps,OK,True,11,11,31923.113292143455,18362,30258,445,31,7765.879300059642,6777.816978780438,988.062321279205,0,0,0,0,0,0,eth-seasonal-meanrev-paper-mirror,10273.131416659837,sol-signal-continuous,80.36043761469385,2026-05-07T17:00:23.238Z,final_snapshot_delta,paper-truth-pack-24h,300,18421.87098846,2026-05-07T17:00:23.232Z,deltaWarning: 11 first bot snapshot(s) excluded from delta totals,RECONSTRUCTED,PAPER,Final snapshot delta from ARCSE-Historical-Lab; source class preserves local vs mirrored VPS origin.
D:\rapidbaclupworking\5m-rapid\storage\paper-session-archive,D:\rapidbaclupworking\5m-rapid\storage\paper-session-archive\paper-2026-05-07T17-23-40-670Z__reset-2026-05-07T19-12-14-349Z,paper-2026-05-07T17-23-40-670Z__reset-2026-05-07T19-12-14-349Z,2026-05-07T17:23:40.670Z,2026-05-07T19:12:14.349Z,108.561,2026-05-07T19:12:14.349Z,start-selected,paper-2026-05-07T17-23-40-670Z,1000,1000,OKXPerps,OK,True,11,11,31918.27302773494,18508,30783,445,31,7765.879300059642,6777.816978780438,988.062321279205,-4.840264408518024,146,525,0,0,0,eth-seasonal-meanrev-paper-mirror,10249.434395055156,sol-signal-continuous,76.42926567947526,2026-05-07T19:11:19.050Z,final_snapshot_delta,paper-truth-pack-24h,300,18383.00658999,2026-05-07T19:11:19.039Z,,RECONSTRUCTED,PAPER,Final snapshot delta from ARCSE-Historical-Lab; source class preserves local vs mirrored VPS origin.
D:\rapidbaclupworking\5m-rapid\storage\paper-session-archive,D:\rapidbaclupworking\5m-rapid\storage\paper-session-archive\paper-2026-05-07T19-12-14-349Z__reset-2026-05-08T09-08-52-411Z,paper-2026-05-07T19-12-14-349Z__reset-2026-05-08T09-08-52-411Z,2026-05-07T19:12:14.349Z,2026-05-08T09:08:52.411Z,836.634,2026-05-08T09:08:52.411Z,start-selected,paper-2026-05-07T19-12-14-349Z,1000,1000,OKXPerps,OK,True,12,12,37135.573092489816,19321,32239,451,31,10004.799131283271,8459.328576581576,1545.470554701695,70.25692802310593,122,347,0,0,0,eth-seasonal-meanrev-paper-mirror,10244.473052933588,sol-signal-continuous,84.546501483376,2026-05-08T09:08:48.751Z,final_snapshot_delta,paper-truth-pack-24h,300,18398.71837947,2026-05-08T09:08:46.961Z,deltaWarning: 1 first bot snapshot(s) excluded from delta totals,RECONSTRUCTED,PAPER,Final snapshot delta from ARCSE-Historical-Lab; source class preserves local vs mirrored VPS origin.
D:\rapidbaclupworking\5m-rapid\storage\paper-session-archive,D:\rapidbaclupworking\5m-rapid\storage\paper-session-archive\paper-2026-05-08T09-08-52-411Z__reset-2026-05-08T14-38-31-411Z,paper-2026-05-08T09-08-52-411Z__reset-2026-05-08T14-38-31-411Z,2026-05-08T09:08:52.411Z,2026-05-08T14:38:31.411Z,329.65,2026-05-08T14:38:31.411Z,start-selected,paper-2026-05-08T09-08-52-411Z,1000,1000,OKXPerps,OK,True,12,12,37163.36941515653,19404,32468,451,31,10004.799131283271,8459.328576581576,1545.470554701695,27.796322666715184,83,229,0,0,0,eth-seasonal-meanrev-paper-mirror,10250.772795436858,sol-signal-continuous,83.76903759402745,2026-05-08T14:38:11.119Z,final_snapshot_delta,paper-truth-pack-24h,300,18411.61551009,2026-05-08T14:37:47.846Z,,RECONSTRUCTED,PAPER,Final snapshot delta from ARCSE-Historical-Lab; source class preserves local vs mirrored VPS origin.
D:\rapidbaclupworking\5m-rapid\storage\paper-session-archive,D:\rapidbaclupworking\5m-rapid\storage\paper-session-archive\paper-2026-05-08T14-38-31-411Z__reset-2026-05-08T15-32-00-917Z,paper-2026-05-08T14-38-31-411Z__reset-2026-05-08T15-32-00-917Z,2026-05-08T14:38:31.411Z,2026-05-08T15:32:00.917Z,53.492,2026-05-08T15:32:00.917Z,start-selected,paper-2026-05-08T14-38-31-411Z,1000,1000,OKXPerps,OK,True,12,12,37264.02948254884,19490,32645,451,31,10004.799131283271,8459.328576581576,1545.470554701695,100.66006739230595,86,177,0,0,0,eth-seasonal-meanrev-paper-mirror,10232.820327563615,sol-signal-continuous,84.52016148861968,2026-05-08T15:31:49.623Z,final_snapshot_delta,paper-truth-pack-24h,300,18415.36365286,2026-05-08T15:31:53.264Z,,RECONSTRUCTED,PAPER,Final snapshot delta from ARCSE-Historical-Lab; source class preserves local vs mirrored VPS origin.
D:\rapidbaclupworking\5m-rapid\storage\paper-session-archive,D:\rapidbaclupworking\5m-rapid\storage\paper-session-archive\paper-2026-05-08T15-32-00-917Z__reset-2026-05-08T15-55-33-882Z,paper-2026-05-08T15-32-00-917Z__reset-2026-05-08T15-55-33-882Z,2026-05-08T15:32:00.917Z,2026-05-08T15:55:33.882Z,23.549,2026-05-08T15:55:33.882Z,start-selected,paper-2026-05-08T15-32-00-917Z,1000,1000,OKXPerps,OK,True,12,12,37302.338377301036,19536,32735,451,31,10004.799131283271,8459.328576581576,1545.470554701695,38.30889475219773,46,90,0,0,0,eth-seasonal-meanrev-paper-mirror,10228.367178111952,sol-signal-continuous,87.40406432229253,2026-05-08T15:55:33.700Z,final_snapshot_delta,paper-truth-pack-24h,300,18518.70915687,2026-05-08T15:55:31.721Z,,RECONSTRUCTED,PAPER,Final snapshot delta from ARCSE-Historical-Lab; source class preserves local vs mirrored VPS origin.
D:\rapidbaclupworking\5m-rapid\storage\paper-session-archive,D:\rapidbaclupworking\5m-rapid\storage\paper-session-archive\paper-2026-05-08T15-55-33-882Z__reset-2026-05-08T16-12-40-681Z,paper-2026-05-08T15-55-33-882Z__reset-2026-05-08T16-12-40-681Z,2026-05-08T15:55:33.882Z,2026-05-08T16:12:40.681Z,17.113,2026-05-08T16:12:40.681Z,start-selected,paper-2026-05-08T15-55-33-882Z,1000,1000,OKXPerps,OK,True,12,12,37301.11540808596,19580,32808,451,31,10004.799131283271,8459.328576581576,1545.470554701695,-1.222969215070819,44,73,0,0,0,eth-seasonal-meanrev-paper-mirror,10229.3550040246,sol-signal-continuous,85.95861924446113,2026-05-08T16:09:34.435Z,final_snapshot_delta,paper-truth-pack-24h,300,18646.59690525,2026-05-08T16:09:34.428Z,,RECONSTRUCTED,PAPER,Final snapshot delta from ARCSE-Historical-Lab; source class preserves local vs mirrored VPS origin.
D:\rapidbaclupworking\5m-rapid\storage\paper-session-archive,D:\rapidbaclupworking\5m-rapid\storage\paper-session-archive\paper-2026-05-08T16-12-40-681Z__reset-2026-05-08T18-07-00-037Z,paper-2026-05-08T16-12-40-681Z__reset-2026-05-08T18-07-00-037Z,2026-05-08T16:12:40.681Z,2026-05-08T18:07:00.037Z,114.323,2026-05-08T18:07:00.037Z,start-selected,paper-2026-05-08T16-12-40-681Z,1000,1000,OKXPerps,OK,True,12,12,37474.288788067686,19787,33240,451,31,10004.799131283271,8459.328576581576,1545.470554701695,173.17337998172948,207,432,0,0,0,eth-seasonal-meanrev-paper-mirror,10231.408146121452,sol-signal-continuous,84.50634652939566,2026-05-08T18:06:59.535Z,final_snapshot_delta,paper-truth-pack-24h,300,18447.11496498,2026-05-08T18:06:59.449Z,,RECONSTRUCTED,PAPER,Final snapshot delta from ARCSE-Historical-Lab; source class preserves local vs mirrored VPS origin.
D:\rapidbaclupworking\5m-rapid\storage\paper-session-archive,D:\rapidbaclupworking\5m-rapid\storage\paper-session-archive\paper-2026-05-08T18-07-00-037Z__reset-2026-05-08T19-39-56-377Z,paper-2026-05-08T18-07-00-037Z__reset-2026-05-08T19-39-56-377Z,2026-05-08T18:07:00.037Z,2026-05-08T19:39:56.377Z,92.939,2026-05-08T19:39:56.377Z,start-selected,paper-2026-05-08T18-07-00-037Z,1000,1000,OKXPerps,OK,True,12,12,37679.300688782096,19865,33380,451,31,10004.799131283271,8459.328576581576,1545.470554701695,205.01190071440558,78,140,0,0,0,eth-seasonal-meanrev-paper-mirror,10223.16191022807,sol-signal-continuous,87.33706739660433,2026-05-08T19:39:56.043Z,final_snapshot_delta,paper-truth-pack-24h,300,18527.29799025,2026-05-08T19:39:48.972Z,,RECONSTRUCTED,PAPER,Final snapshot delta from ARCSE-Historical-Lab; source class preserves local vs mirrored VPS origin.
D:\ARC ENGINE\arcse-operational-truth-20260516\storage\paper-session-archive,D:\ARC ENGINE\arcse-operational-truth-20260516\storage\paper-session-archive\paper-2026-05-15T06-32-09-228Z__reset-2026-05-15T10-39-28-147Z,paper-2026-05-15T06-32-09-228Z__reset-2026-05-15T10-39-28-147Z,2026-05-15T06:32:09.228Z,2026-05-15T10:39:28.147Z,247.315,2026-05-15T10:39:28.147Z,reset-baseline,paper-2026-05-15T06-32-09-228Z,50,50,OKXPerps,OK,True,12,5,15816.83824195368,7611,11948,218,15,4241.656487847487,3602.036547955969,639.6199398915184,-891.717130921251,-1274,-3247,0,0,0,eth-seasonal-meanrev-paper-mirror,10272.160559024567,sol-signal-continuous,-1.5436937687638246,2026-05-15T10:39:17.715Z,final_snapshot_delta,paper-truth-pack-24h,300,2833.52275859,2026-05-13T21:45:29.461Z,,RECONSTRUCTED,PAPER,Final snapshot delta from ARCSE-Historical-Lab; source class preserves local vs mirrored VPS origin.
D:\ARC ENGINE\arcse-operational-truth-20260516\storage\paper-session-archive,D:\ARC ENGINE\arcse-operational-truth-20260516\storage\paper-session-archive\paper-2026-05-15T10-39-28-147Z__reset-2026-05-15T10-39-33-227Z,paper-2026-05-15T10-39-28-147Z__reset-2026-05-15T10-39-33-227Z,2026-05-15T10:39:28.147Z,2026-05-15T10:39:33.227Z,0.085,2026-05-15T10:39:33.227Z,start-selected,paper-2026-05-15T10-39-28-147Z,50,50,OKXPerps,OK,True,12,5,15816.83824195368,7611,11948,218,15,4241.656487847487,3602.036547955969,639.6199398915184,0,0,0,0,0,0,eth-seasonal-meanrev-paper-mirror,10272.160559024567,sol-signal-continuous,-1.5436937687638246,2026-05-15T10:39:32.203Z,final_snapshot_delta,paper-truth-pack-24h,300,2833.52275859,2026-05-13T21:45:29.461Z,,RECONSTRUCTED,PAPER,Final snapshot delta from ARCSE-Historical-Lab; source class preserves local vs mirrored VPS origin.
D:\ARC ENGINE\arcse-operational-truth-20260516\storage\paper-session-archive,D:\ARC ENGINE\arcse-operational-truth-20260516\storage\paper-session-archive\paper-2026-05-15T10-39-33-227Z__reset-2026-05-15T16-11-11-742Z,paper-2026-05-15T10-39-33-227Z__reset-2026-05-15T16-11-11-742Z,2026-05-15T10:39:33.227Z,2026-05-15T16:11:11.742Z,331.642,2026-05-15T16:11:11.742Z,start-selected,paper-2026-05-15T10-39-33-227Z,50,50,OKXPerps,OK,True,12,11,30768.46533926294,19218,27297,445,31,7765.879300059642,6777.816978780438,988.062321279205,-872.0750818661311,1318,-1727,0,0,0,eth-seasonal-meanrev-paper-mirror,10303.090625480934,sol-signal-continuous,21.950823742333153,2026-05-15T14:50:18.416Z,final_snapshot_delta,paper-truth-pack-24h,300,2833.52275859,2026-05-13T21:45:29.461Z,,RECONSTRUCTED,PAPER,Final snapshot delta from ARCSE-Historical-Lab; source class preserves local vs mirrored VPS origin.
D:\ARC ENGINE\arcse-operational-truth-20260516\storage\paper-session-archive,D:\ARC ENGINE\arcse-operational-truth-20260516\storage\paper-session-archive\paper-2026-05-15T16-11-11-742Z__reset-2026-05-15T19-15-59-018Z,paper-2026-05-15T16-11-11-742Z__reset-2026-05-15T19-15-59-018Z,2026-05-15T16:11:11.742Z,2026-05-15T19:15:59.018Z,184.788,2026-05-15T19:15:59.018Z,reset-baseline,paper-2026-05-15T16-11-11-742Z,50,50,OKXPerps,OK,True,12,11,31046.845257292982,21121,28178,445,31,7765.879300059642,6777.816978780438,988.062321279205,278.37991803004047,1903,881,0,0,0,eth-seasonal-meanrev-paper-mirror,10392.261251564243,sol-signal-continuous,63.29052852566279,2026-05-15T19:15:44.243Z,final_snapshot_delta,paper-truth-pack-24h,300,2833.52275859,2026-05-13T21:45:29.461Z,,RECONSTRUCTED,PAPER,Final snapshot delta from ARCSE-Historical-Lab; source class preserves local vs mirrored VPS origin.
D:\5m-rapid-desktop\storage\paper-session-archive,D:\5m-rapid-desktop\storage\paper-session-archive\paper-2026-05-22T07-47-33-246Z__reset-2026-05-22T07-50-04-106Z,paper-2026-05-22T07-47-33-246Z__reset-2026-05-22T07-50-04-106Z,2026-05-22T07:47:33.246Z,2026-05-22T07:50:04.106Z,2.514,2026-05-22T07:50:04.106Z,reset-baseline,paper-2026-05-22T07-47-33-246Z,100,100,OKXPerps,DEAD,True,2,0,0,0,0,0,0,0,0,0,0,0,0,0,0,0,,,,,,final_snapshot_delta,paper-truth-pack-24h,300,14747.90852362,2026-05-22T07:50:03.853Z,,RECONSTRUCTED,PAPER,Final snapshot delta from ARCSE-Historical-Lab; source class preserves local vs mirrored VPS origin.
D:\5m-rapid-desktop\storage\paper-session-archive,D:\5m-rapid-desktop\storage\paper-session-archive\paper-2026-05-22T07-50-04-106Z__reset-2026-05-22T07-50-05-606Z,paper-2026-05-22T07-50-04-106Z__reset-2026-05-22T07-50-05-606Z,2026-05-22T07:50:04.106Z,2026-05-22T07:50:05.606Z,0.025,2026-05-22T07:50:05.606Z,start-selected,paper-2026-05-22T07-50-04-106Z,100,100,OKXPerps,OK,True,2,0,0,0,0,0,0,0,0,0,0,0,0,0,0,0,,,,,,final_snapshot_delta,paper-truth-pack-24h,300,14747.90852362,2026-05-22T07:50:03.853Z,,RECONSTRUCTED,PAPER,Final snapshot delta from ARCSE-Historical-Lab; source class preserves local vs mirrored VPS origin.
D:\5m-rapid-desktop\storage\paper-session-archive,D:\5m-rapid-desktop\storage\paper-session-archive\paper-2026-05-22T07-50-05-606Z__reset-2026-05-22T07-51-32-362Z,paper-2026-05-22T07-50-05-606Z__reset-2026-05-22T07-51-32-362Z,2026-05-22T07:50:05.606Z,2026-05-22T07:51:32.362Z,1.446,2026-05-22T07:51:32.362Z,reset-baseline,paper-2026-05-22T07-50-05-606Z,100,100,OKXPerps,OK,True,2,0,0,0,0,0,0,0,0,0,0,0,0,0,0,0,,,,,,final_snapshot_delta,paper-truth-pack-24h,300,15375.6747765,2026-05-22T07:51:18.753Z,,RECONSTRUCTED,PAPER,Final snapshot delta from ARCSE-Historical-Lab; source class preserves local vs mirrored VPS origin.
D:\5m-rapid-desktop\storage\paper-session-archive,D:\5m-rapid-desktop\storage\paper-session-archive\paper-2026-05-22T07-51-32-362Z__reset-2026-05-22T07-51-33-412Z,paper-2026-05-22T07-51-32-362Z__reset-2026-05-22T07-51-33-412Z,2026-05-22T07:51:32.362Z,2026-05-22T07:51:33.412Z,0.018,2026-05-22T07:51:33.412Z,start-selected,paper-2026-05-22T07-51-32-362Z,100,100,OKXPerps,DEAD,True,2,0,0,0,0,0,0,0,0,0,0,0,0,0,0,0,,,,,,final_snapshot_delta,paper-truth-pack-24h,300,15375.6747765,2026-05-22T07:51:18.753Z,,RECONSTRUCTED,PAPER,Final snapshot delta from ARCSE-Historical-Lab; source class preserves local vs mirrored VPS origin.
D:\5m-rapid-desktop\storage\paper-session-archive,D:\5m-rapid-desktop\storage\paper-session-archive\paper-2026-05-22T07-51-33-412Z__reset-2026-05-22T07-51-35-362Z,paper-2026-05-22T07-51-33-412Z__reset-2026-05-22T07-51-35-362Z,2026-05-22T07:51:33.412Z,2026-05-22T07:51:35.362Z,0.032,2026-05-22T07:51:35.362Z,start-selected,paper-2026-05-22T07-51-33-412Z,100,100,OKXPerps,DEAD,True,2,0,0,0,0,0,0,0,0,0,0,0,0,0,0,0,,,,,,final_snapshot_delta,paper-truth-pack-24h,300,15417.38679621,2026-05-22T07:51:34.685Z,,RECONSTRUCTED,PAPER,Final snapshot delta from ARCSE-Historical-Lab; source class preserves local vs mirrored VPS origin.
D:\5m-rapid-desktop\storage\paper-session-archive,D:\5m-rapid-desktop\storage\paper-session-archive\paper-2026-05-22T07-51-35-362Z__reset-2026-05-22T07-55-02-301Z,paper-2026-05-22T07-51-35-362Z__reset-2026-05-22T07-55-02-301Z,2026-05-22T07:51:35.362Z,2026-05-22T07:55:02.301Z,3.449,2026-05-22T07:55:02.301Z,reset-baseline,paper-2026-05-22T07-51-35-362Z,100,100,OKXPerps,DEAD,True,2,0,0,0,0,0,0,0,0,0,0,0,0,0,0,0,,,,,,final_snapshot_delta,paper-truth-pack-24h,300,17140.40017263,2026-05-22T07:54:51.293Z,,RECONSTRUCTED,PAPER,Final snapshot delta from ARCSE-Historical-Lab; source class preserves local vs mirrored VPS origin.
D:\5m-rapid-desktop\storage\paper-session-archive,D:\5m-rapid-desktop\storage\paper-session-archive\paper-2026-05-22T07-55-02-301Z__reset-2026-05-22T07-55-07-843Z,paper-2026-05-22T07-55-02-301Z__reset-2026-05-22T07-55-07-843Z,2026-05-22T07:55:02.301Z,2026-05-22T07:55:07.843Z,0.092,2026-05-22T07:55:07.843Z,start-selected,paper-2026-05-22T07-55-02-301Z,100,100,OKXPerps,DEGRADED,True,2,0,0,0,0,0,0,0,0,0,0,0,0,0,0,0,,,,,,final_snapshot_delta,paper-truth-pack-24h,300,17140.40017263,2026-05-22T07:54:51.293Z,,RECONSTRUCTED,PAPER,Final snapshot delta from ARCSE-Historical-Lab; source class preserves local vs mirrored VPS origin.
D:\5m-rapid-desktop\storage\paper-session-archive,D:\5m-rapid-desktop\storage\paper-session-archive\paper-2026-05-22T07-55-07-843Z__reset-2026-05-22T07-55-20-724Z,paper-2026-05-22T07-55-07-843Z__reset-2026-05-22T07-55-20-724Z,2026-05-22T07:55:07.843Z,2026-05-22T07:55:20.724Z,0.215,2026-05-22T07:55:20.724Z,start-selected,paper-2026-05-22T07-55-07-843Z,100,100,OKXPerps,DEAD,True,2,0,0,0,0,0,0,0,0,0,0,0,0,0,0,0,,,,,,final_snapshot_delta,paper-truth-pack-24h,300,17146.48755127,2026-05-22T07:55:13.169Z,,RECONSTRUCTED,PAPER,Final snapshot delta from ARCSE-Historical-Lab; source class preserves local vs mirrored VPS origin.
D:\VPS-ARC\5m-rapid\paper-session-cold-archive-20260525\paper-session-cold-archive,D:\VPS-ARC\5m-rapid\paper-session-cold-archive-20260525\paper-session-cold-archive\paper-2026-05-23T06-09-28-644Z__reset-2026-05-23T13-47-35-818Z,paper-2026-05-23T06-09-28-644Z__reset-2026-05-23T13-47-35-818Z,2026-05-23T06:09:28.644Z,2026-05-23T13:47:35.818Z,458.12,2026-05-23T13:47:35.818Z,reset-baseline,paper-2026-05-23T06-09-28-644Z,100,100,OKXPerps,OK,True,12,12,-124016.518806,5848,7202,451,31,10004.799131283271,8459.328576581576,1545.470554701695,-160210.40720002475,-15964,-22085,0,0,0,eth-sim-fairvalue-paper,17.179055,sol-signal-continuous,-61499.996731,2026-05-23T13:44:10.596Z,final_snapshot_delta,paper-truth-pack-24h,300,2833.52275859,2026-05-13T21:45:29.461Z,,RECONSTRUCTED,VPS PAPER,Final snapshot delta from ARCSE-Historical-Lab; source class preserves local vs mirrored VPS origin.
D:\VPS-ARC\5m-rapid\paper-session-cold-archive-20260525\paper-session-cold-archive,D:\VPS-ARC\5m-rapid\paper-session-cold-archive-20260525\paper-session-cold-archive\paper-2026-05-23T13-47-35-818Z__reset-2026-05-23T13-47-46-912Z,paper-2026-05-23T13-47-35-818Z__reset-2026-05-23T13-47-46-912Z,2026-05-23T13:47:35.818Z,2026-05-23T13:47:46.912Z,0.185,2026-05-23T13:47:46.912Z,start-selected,paper-2026-05-23T13-47-35-818Z,100,100,OKXPerps,OK,True,12,12,-124016.518806,5848,7202,451,31,10004.799131283271,8459.328576581576,1545.470554701695,0,0,0,0,0,0,eth-sim-fairvalue-paper,17.179055,sol-signal-continuous,-61499.996731,2026-05-23T13:44:10.596Z,final_snapshot_delta,paper-truth-pack-24h,300,2833.52275859,2026-05-13T21:45:29.461Z,,RECONSTRUCTED,VPS PAPER,Final snapshot delta from ARCSE-Historical-Lab; source class preserves local vs mirrored VPS origin.
D:\VPS-ARC\5m-rapid\paper-session-cold-archive-20260525\paper-session-cold-archive,D:\VPS-ARC\5m-rapid\paper-session-cold-archive-20260525\paper-session-cold-archive\paper-2026-05-23T13-47-46-912Z__reset-2026-05-23T13-48-58-779Z,paper-2026-05-23T13-47-46-912Z__reset-2026-05-23T13-48-58-779Z,2026-05-23T13:47:46.912Z,2026-05-23T13:48:58.779Z,1.198,2026-05-23T13:48:58.779Z,reset-baseline,paper-2026-05-23T13-47-46-912Z,100,100,OKXPerps,OK,True,12,12,-124026.20562100002,5857,7207,451,31,10004.799131283271,8459.328576581576,1545.470554701695,-9.686814999997951,9,5,0,0,0,eth-sim-fairvalue-paper,15.679055,sol-signal-continuous,-61499.830065,2026-05-23T13:48:22.308Z,final_snapshot_delta,paper-truth-pack-24h,300,2833.52275859,2026-05-13T21:45:29.461Z,,RECONSTRUCTED,VPS PAPER,Final snapshot delta from ARCSE-Historical-Lab; source class preserves local vs mirrored VPS origin.
D:\VPS-ARC\5m-rapid\paper-session-cold-archive-20260525\paper-session-cold-archive,D:\VPS-ARC\5m-rapid\paper-session-cold-archive-20260525\paper-session-cold-archive\paper-2026-05-23T13-48-58-779Z__reset-2026-05-23T13-49-20-322Z,paper-2026-05-23T13-48-58-779Z__reset-2026-05-23T13-49-20-322Z,2026-05-23T13:48:58.779Z,2026-05-23T13:49:20.322Z,0.359,2026-05-23T13:49:20.322Z,start-selected,paper-2026-05-23T13-48-58-779Z,100,100,OKXPerps,OK,True,12,12,-124026.20562100002,5857,7207,451,31,10004.799131283271,8459.328576581576,1545.470554701695,0,0,0,0,0,0,eth-sim-fairvalue-paper,15.679055,sol-signal-continuous,-61499.830065,2026-05-23T13:48:22.308Z,final_snapshot_delta,paper-truth-pack-24h,300,2833.52275859,2026-05-13T21:45:29.461Z,,RECONSTRUCTED,VPS PAPER,Final snapshot delta from ARCSE-Historical-Lab; source class preserves local vs mirrored VPS origin.
D:\VPS-ARC\5m-rapid\paper-session-cold-archive-20260525\paper-session-cold-archive,D:\VPS-ARC\5m-rapid\paper-session-cold-archive-20260525\paper-session-cold-archive\paper-2026-05-23T13-49-20-322Z__reset-2026-05-23T13-58-38-276Z,paper-2026-05-23T13-49-20-322Z__reset-2026-05-23T13-58-38-276Z,2026-05-23T13:49:20.322Z,2026-05-23T13:58:38.276Z,9.299,2026-05-23T13:58:38.276Z,start-selected,paper-2026-05-23T13-49-20-322Z,100,100,OKXPerps,OK,True,12,12,-124023.772689,5869,7219,451,31,10004.799131283271,8459.328576581576,1545.470554701695,2.4329319999999868,12,12,0,0,0,eth-sim-fairvalue-paper,15.051148,sol-signal-continuous,-61500.78461,2026-05-23T13:58:26.674Z,final_snapshot_delta,paper-truth-pack-24h,300,2833.52275859,2026-05-13T21:45:29.461Z,,RECONSTRUCTED,VPS PAPER,Final snapshot delta from ARCSE-Historical-Lab; source class preserves local vs mirrored VPS origin.
D:\VPS-ARC\5m-rapid\paper-session-cold-archive-20260525\paper-session-cold-archive,D:\VPS-ARC\5m-rapid\paper-session-cold-archive-20260525\paper-session-cold-archive\paper-2026-05-23T13-58-38-276Z__reset-2026-05-23T14-08-27-479Z,paper-2026-05-23T13-58-38-276Z__reset-2026-05-23T14-08-27-479Z,2026-05-23T13:58:38.276Z,2026-05-23T14:08:27.479Z,9.82,2026-05-23T14:08:27.479Z,reset-baseline,paper-2026-05-23T13-58-38-276Z,100,100,OKXPerps,OK,True,12,12,-118805.37492499998,5509,6724,451,31,10004.799131283271,8459.328576581576,1545.470554701695,5218.397764000004,-360,-495,0,0,0,eth-sim-fairvalue-paper,19.864348,sol-signal-continuous,-61499.208317,2026-05-23T14:06:15.539Z,final_snapshot_delta,paper-truth-pack-24h,300,2833.52275859,2026-05-13T21:45:29.461Z,,RECONSTRUCTED,VPS PAPER,Final snapshot delta from ARCSE-Historical-Lab; source class preserves local vs mirrored VPS origin.
D:\VPS-ARC\5m-rapid\paper-session-cold-archive-20260525\paper-session-cold-archive,D:\VPS-ARC\5m-rapid\paper-session-cold-archive-20260525\paper-session-cold-archive\paper-2026-05-23T14-08-27-479Z__reset-2026-05-23T14-08-31-637Z,paper-2026-05-23T14-08-27-479Z__reset-2026-05-23T14-08-31-637Z,2026-05-23T14:08:27.479Z,2026-05-23T14:08:31.637Z,0.069,2026-05-23T14:08:31.637Z,start-selected,paper-2026-05-23T14-08-27-479Z,100,100,OKXPerps,OK,True,12,12,-118805.37492499998,5509,6724,451,31,10004.799131283271,8459.328576581576,1545.470554701695,0,0,0,0,0,0,eth-sim-fairvalue-paper,19.864348,sol-signal-continuous,-61499.208317,2026-05-23T14:06:15.539Z,final_snapshot_delta,paper-truth-pack-24h,300,2833.52275859,2026-05-13T21:45:29.461Z,,RECONSTRUCTED,VPS PAPER,Final snapshot delta from ARCSE-Historical-Lab; source class preserves local vs mirrored VPS origin.
D:\VPS-ARC\5m-rapid\paper-session-cold-archive-20260525\paper-session-cold-archive,D:\VPS-ARC\5m-rapid\paper-session-cold-archive-20260525\paper-session-cold-archive\paper-2026-05-23T14-08-31-637Z__reset-2026-05-23T14-09-48-367Z,paper-2026-05-23T14-08-31-637Z__reset-2026-05-23T14-09-48-367Z,2026-05-23T14:08:31.637Z,2026-05-23T14:09:48.367Z,1.279,2026-05-23T14:09:48.367Z,start-selected,paper-2026-05-23T14-08-31-637Z,100,100,OKXPerps,OK,True,12,12,-118805.37492499998,5509,6724,451,31,10004.799131283271,8459.328576581576,1545.470554701695,0,0,0,0,0,0,eth-sim-fairvalue-paper,19.864348,sol-signal-continuous,-61499.208317,2026-05-23T14:06:15.539Z,final_snapshot_delta,paper-truth-pack-24h,300,2833.52275859,2026-05-13T21:45:29.461Z,,RECONSTRUCTED,VPS PAPER,Final snapshot delta from ARCSE-Historical-Lab; source class preserves local vs mirrored VPS origin.
D:\VPS-ARC\5m-rapid\paper-session-cold-archive-20260525\paper-session-cold-archive,D:\VPS-ARC\5m-rapid\paper-session-cold-archive-20260525\paper-session-cold-archive\paper-2026-05-23T14-09-48-367Z__reset-2026-05-23T17-44-18-096Z,paper-2026-05-23T14-09-48-367Z__reset-2026-05-23T17-44-18-096Z,2026-05-23T14:09:48.367Z,2026-05-23T17:44:18.096Z,214.495,2026-05-23T17:44:18.096Z,reset-baseline,paper-2026-05-23T14-09-48-367Z,100,100,OKXPerps,OK,True,12,12,-118771.277478,5833,7009,451,31,10004.799131283271,8459.328576581576,1545.470554701695,34.09744699999931,324,285,0,0,0,eth-sim-fairvalue-paper,29.055318,sol-signal-continuous,-61495.125959,2026-05-23T17:44:17.646Z,final_snapshot_delta,paper-truth-pack-24h,300,2833.52275859,2026-05-13T21:45:29.461Z,,RECONSTRUCTED,VPS PAPER,Final snapshot delta from ARCSE-Historical-Lab; source class preserves local vs mirrored VPS origin.
D:\VPS-ARC\5m-rapid\paper-session-cold-archive-20260525\paper-session-cold-archive,D:\VPS-ARC\5m-rapid\paper-session-cold-archive-20260525\paper-session-cold-archive\paper-2026-05-23T17-44-18-096Z__reset-2026-05-23T17-44-25-772Z,paper-2026-05-23T17-44-18-096Z__reset-2026-05-23T17-44-25-772Z,2026-05-23T17:44:18.096Z,2026-05-23T17:44:25.772Z,0.128,2026-05-23T17:44:25.772Z,start-selected,paper-2026-05-23T17-44-18-096Z,100,100,OKXPerps,OK,True,12,12,-118771.56497800001,5834,7011,451,31,10004.799131283271,8459.328576581576,1545.470554701695,-0.28750000000582077,1,2,0,0,0,eth-sim-fairvalue-paper,29.055318,sol-signal-continuous,-61495.413459,2026-05-23T17:44:23.953Z,final_snapshot_delta,paper-truth-pack-24h,300,2833.52275859,2026-05-13T21:45:29.461Z,,RECONSTRUCTED,VPS PAPER,Final snapshot delta from ARCSE-Historical-Lab; source class preserves local vs mirrored VPS origin.
D:\VPS-ARC\5m-rapid\paper-session-cold-archive-20260525\paper-session-cold-archive,D:\VPS-ARC\5m-rapid\paper-session-cold-archive-20260525\paper-session-cold-archive\paper-2026-05-23T17-44-25-772Z__reset-2026-05-23T17-45-10-236Z,paper-2026-05-23T17-44-25-772Z__reset-2026-05-23T17-45-10-236Z,2026-05-23T17:44:25.772Z,2026-05-23T17:45:10.236Z,0.741,2026-05-23T17:45:10.236Z,start-selected,paper-2026-05-23T17-44-25-772Z,100,100,OKXPerps,OK,True,12,12,-118772.22170876924,5835,7016,451,31,10004.799131283271,8459.328576581576,1545.470554701695,-0.656730769225419,1,5,0,0,0,eth-sim-fairvalue-paper,29.055318,sol-signal-continuous,-61495.713459,2026-05-23T17:45:07.418Z,final_snapshot_delta,paper-truth-pack-24h,300,2833.52275859,2026-05-13T21:45:29.461Z,,RECONSTRUCTED,VPS PAPER,Final snapshot delta from ARCSE-Historical-Lab; source class preserves local vs mirrored VPS origin.
D:\VPS-ARC\5m-rapid\paper-session-cold-archive-20260525\paper-session-cold-archive,D:\VPS-ARC\5m-rapid\paper-session-cold-archive-20260525\paper-session-cold-archive\paper-2026-05-23T17-45-10-236Z__reset-2026-05-23T22-32-55-049Z,paper-2026-05-23T17-45-10-236Z__reset-2026-05-23T22-32-55-049Z,2026-05-23T17:45:10.236Z,2026-05-23T22:32:55.049Z,287.747,2026-05-23T22:32:55.049Z,reset-baseline,paper-2026-05-23T17-45-10-236Z,100,100,OKXPerps,OK,True,12,12,-117100.334245,9301,9182,451,31,10004.799131283271,8459.328576581576,1545.470554701695,1671.88746376923,3466,2166,0,0,0,eth-sim-fairvalue-paper,24.990884,sol-signal-continuous,-61497.226285,2026-05-23T22:32:08.585Z,final_snapshot_delta,paper-truth-pack-24h,300,2833.52275859,2026-05-13T21:45:29.461Z,,RECONSTRUCTED,VPS PAPER,Final snapshot delta from ARCSE-Historical-Lab; source class preserves local vs mirrored VPS origin.
D:\VPS-ARC\5m-rapid\paper-session-cold-archive-20260525\paper-session-cold-archive,D:\VPS-ARC\5m-rapid\paper-session-cold-archive-20260525\paper-session-cold-archive\paper-2026-05-23T22-32-55-049Z__reset-2026-05-23T22-33-06-738Z,paper-2026-05-23T22-32-55-049Z__reset-2026-05-23T22-33-06-738Z,2026-05-23T22:32:55.049Z,2026-05-23T22:33:06.738Z,0.195,2026-05-23T22:33:06.738Z,start-selected,paper-2026-05-23T22-32-55-049Z,100,100,OKXPerps,OK,True,12,12,-117100.334245,9301,9182,451,31,10004.799131283271,8459.328576581576,1545.470554701695,0,0,0,0,0,0,eth-sim-fairvalue-paper,24.990884,sol-signal-continuous,-61497.226285,2026-05-23T22:32:08.585Z,final_snapshot_delta,paper-truth-pack-24h,300,2833.52275859,2026-05-13T21:45:29.461Z,,RECONSTRUCTED,VPS PAPER,Final snapshot delta from ARCSE-Historical-Lab; source class preserves local vs mirrored VPS origin.
D:\VPS-ARC\5m-rapid\paper-session-cold-archive-20260525\paper-session-cold-archive,D:\VPS-ARC\5m-rapid\paper-session-cold-archive-20260525\paper-session-cold-archive\paper-2026-05-23T22-33-06-738Z__reset-2026-05-23T22-35-10-322Z,paper-2026-05-23T22-33-06-738Z__reset-2026-05-23T22-35-10-322Z,2026-05-23T22:33:06.738Z,2026-05-23T22:35:10.322Z,2.06,2026-05-23T22:35:10.322Z,start-selected,paper-2026-05-23T22-33-06-738Z,100,100,OKXPerps,OK,True,12,12,-117100.334245,9301,9182,451,31,10004.799131283271,8459.328576581576,1545.470554701695,0,0,0,0,0,0,eth-sim-fairvalue-paper,24.990884,sol-signal-continuous,-61497.226285,2026-05-23T22:35:08.074Z,final_snapshot_delta,paper-truth-pack-24h,300,2833.52275859,2026-05-13T21:45:29.461Z,,RECONSTRUCTED,VPS PAPER,Final snapshot delta from ARCSE-Historical-Lab; source class preserves local vs mirrored VPS origin.
D:\VPS-ARC\5m-rapid\paper-session-cold-archive-20260525\paper-session-cold-archive,D:\VPS-ARC\5m-rapid\paper-session-cold-archive-20260525\paper-session-cold-archive\paper-2026-05-23T22-35-10-322Z__reset-2026-05-24T10-55-16-868Z,paper-2026-05-23T22-35-10-322Z__reset-2026-05-24T10-55-16-868Z,2026-05-23T22:35:10.322Z,2026-05-24T10:55:16.868Z,740.109,2026-05-24T10:55:16.868Z,reset-baseline,paper-2026-05-23T22-35-10-322Z,100,100,OKXPerps,OK,True,12,12,-116805.772341,5093,5926,451,31,10004.799131283271,8459.328576581576,1545.470554701695,294.56190399999446,-4208,-3256,0,0,0,eth-seasonal-meanrev-paper-mirror,25.914691,sol-signal-continuous,-61470.177144,2026-05-24T10:55:15.255Z,final_snapshot_delta,paper-truth-pack-24h,300,2833.52275859,2026-05-13T21:45:29.461Z,,RECONSTRUCTED,VPS PAPER,Final snapshot delta from ARCSE-Historical-Lab; source class preserves local vs mirrored VPS origin.
D:\VPS-ARC\5m-rapid\paper-session-cold-archive-20260525\paper-session-cold-archive,D:\VPS-ARC\5m-rapid\paper-session-cold-archive-20260525\paper-session-cold-archive\paper-2026-05-24T10-55-16-868Z__reset-2026-05-24T10-55-23-023Z,paper-2026-05-24T10-55-16-868Z__reset-2026-05-24T10-55-23-023Z,2026-05-24T10:55:16.868Z,2026-05-24T10:55:23.023Z,0.103,2026-05-24T10:55:23.023Z,start-selected,paper-2026-05-24T10-55-16-868Z,100,100,OKXPerps,OK,True,12,12,-116804.708511,5094,5926,451,31,10004.799131283271,8459.328576581576,1545.470554701695,1.0638299999999994,1,0,0,0,0,eth-seasonal-meanrev-paper-mirror,26.978521,sol-signal-continuous,-61470.177144,2026-05-24T10:55:22.005Z,final_snapshot_delta,paper-truth-pack-24h,300,2833.52275859,2026-05-13T21:45:29.461Z,,RECONSTRUCTED,VPS PAPER,Final snapshot delta from ARCSE-Historical-Lab; source class preserves local vs mirrored VPS origin.
D:\VPS-ARC\5m-rapid\paper-session-cold-archive-20260525\paper-session-cold-archive,D:\VPS-ARC\5m-rapid\paper-session-cold-archive-20260525\paper-session-cold-archive\paper-2026-05-24T10-55-23-023Z__reset-2026-05-24T11-03-56-527Z,paper-2026-05-24T10-55-23-023Z__reset-2026-05-24T11-03-56-527Z,2026-05-24T10:55:23.023Z,2026-05-24T11:03:56.527Z,8.558,2026-05-24T11:03:56.527Z,reset-baseline,paper-2026-05-24T10-55-23-023Z,100,100,OKXPerps,OK,True,12,12,-116708.62600700001,4328,5084,451,31,10004.799131283271,8459.328576581576,1545.470554701695,96.08250399999892,-766,-842,0,0,0,eth-seasonal-meanrev-paper-mirror,31.64528,sol-signal-continuous,-61466.845755,2026-05-24T11:03:44.208Z,final_snapshot_delta,paper-truth-pack-24h,300,2833.52275859,2026-05-13T21:45:29.461Z,,RECONSTRUCTED,VPS PAPER,Final snapshot delta from ARCSE-Historical-Lab; source class preserves local vs mirrored VPS origin.
D:\VPS-ARC\5m-rapid\paper-session-cold-archive-20260525\paper-session-cold-archive,D:\VPS-ARC\5m-rapid\paper-session-cold-archive-20260525\paper-session-cold-archive\paper-2026-05-24T11-03-56-527Z__reset-2026-05-24T11-04-01-506Z,paper-2026-05-24T11-03-56-527Z__reset-2026-05-24T11-04-01-506Z,2026-05-24T11:03:56.527Z,2026-05-24T11:04:01.506Z,0.083,2026-05-24T11:04:01.506Z,start-selected,paper-2026-05-24T11-03-56-527Z,100,100,OKXPerps,OK,True,12,12,-116708.62600700001,4328,5084,451,31,10004.799131283271,8459.328576581576,1545.470554701695,0,0,0,0,0,0,eth-seasonal-meanrev-paper-mirror,31.64528,sol-signal-continuous,-61466.845755,2026-05-24T11:03:44.208Z,final_snapshot_delta,paper-truth-pack-24h,300,2833.52275859,2026-05-13T21:45:29.461Z,,RECONSTRUCTED,VPS PAPER,Final snapshot delta from ARCSE-Historical-Lab; source class preserves local vs mirrored VPS origin.
D:\VPS-ARC\5m-rapid\paper-session-cold-archive-20260525\paper-session-cold-archive,D:\VPS-ARC\5m-rapid\paper-session-cold-archive-20260525\paper-session-cold-archive\paper-2026-05-24T11-04-01-506Z__reset-2026-05-24T14-49-22-848Z,paper-2026-05-24T11-04-01-506Z__reset-2026-05-24T14-49-22-848Z,2026-05-24T11:04:01.506Z,2026-05-24T14:49:22.848Z,225.356,2026-05-24T14:49:22.848Z,start-selected,paper-2026-05-24T11-04-01-506Z,250,250,OKXPerps,OK,True,12,12,-69366.28720199999,1939,3241,451,31,10004.799131283271,8459.328576581576,1545.470554701695,47342.338805,-2389,-1843,0,0,0,eth-signal-continuous-2,5.979502,sol-signal-continuous,-61463.115617,2026-05-24T14:49:22.665Z,final_snapshot_delta,paper-truth-pack-24h,300,2833.52275859,2026-05-13T21:45:29.461Z,,RECONSTRUCTED,VPS PAPER,Final snapshot delta from ARCSE-Historical-Lab; source class preserves local vs mirrored VPS origin.
D:\VPS-ARC\5m-rapid\paper-session-cold-archive-20260525\paper-session-cold-archive,D:\VPS-ARC\5m-rapid\paper-session-cold-archive-20260525\paper-session-cold-archive\paper-2026-05-24T14-49-22-848Z__reset-2026-05-24T15-27-51-884Z,paper-2026-05-24T14-49-22-848Z__reset-2026-05-24T15-27-51-884Z,2026-05-24T14:49:22.848Z,2026-05-24T15:27:51.884Z,38.484,2026-05-24T15:27:51.884Z,reset-baseline,paper-2026-05-24T14-49-22-848Z,250,250,OKXPerps,OK,True,12,12,-69492.84004,1507,2970,451,31,10004.799131283271,8459.328576581576,1545.470554701695,-126.55283799999378,-432,-271,0,0,0,eth-signal-continuous-2,-17.027844,sol-signal-continuous,-61547.46038,2026-05-24T15:27:51.535Z,final_snapshot_delta,paper-truth-pack-24h,300,2833.52275859,2026-05-13T21:45:29.461Z,,RECONSTRUCTED,VPS PAPER,Final snapshot delta from ARCSE-Historical-Lab; source class preserves local vs mirrored VPS origin.
